{"current":{"logo":"shopify:\/\/shop_images\/Black_White_Minimal_Logo_1200_x_400_px.png","logo_width":200,"type_header_font":"poppins_n4","heading_scale":100,"type_body_font":"poppins_n3","body_scale":100,"page_width":1300,"spacing_sections":0,"spacing_grid_horizontal":8,"spacing_grid_vertical":8,"animations_reveal_on_scroll":true,"animations_hover_elements":"none","buttons_border_thickness":1,"buttons_border_opacity":100,"buttons_radius":0,"buttons_shadow_opacity":0,"buttons_shadow_horizontal_offset":0,"buttons_shadow_vertical_offset":4,"buttons_shadow_blur":5,"variant_pills_border_thickness":1,"variant_pills_border_opacity":55,"variant_pills_radius":40,"variant_pills_shadow_opacity":0,"variant_pills_shadow_horizontal_offset":0,"variant_pills_shadow_vertical_offset":4,"variant_pills_shadow_blur":5,"inputs_border_thickness":1,"inputs_border_opacity":55,"inputs_radius":0,"inputs_shadow_opacity":0,"inputs_shadow_horizontal_offset":0,"inputs_shadow_vertical_offset":4,"inputs_shadow_blur":5,"card_style":"standard","card_image_padding":0,"card_text_alignment":"left","card_color_scheme":"scheme-2","card_border_thickness":0,"card_border_opacity":10,"card_corner_radius":0,"card_shadow_opacity":0,"card_shadow_horizontal_offset":0,"card_shadow_vertical_offset":4,"card_shadow_blur":5,"collection_card_style":"standard","collection_card_image_padding":0,"collection_card_text_alignment":"left","collection_card_color_scheme":"scheme-2","collection_card_border_thickness":0,"collection_card_border_opacity":10,"collection_card_corner_radius":0,"collection_card_shadow_opacity":0,"collection_card_shadow_horizontal_offset":0,"collection_card_shadow_vertical_offset":4,"collection_card_shadow_blur":5,"blog_card_style":"standard","blog_card_image_padding":0,"blog_card_text_alignment":"left","blog_card_color_scheme":"scheme-2","blog_card_border_thickness":0,"blog_card_border_opacity":10,"blog_card_corner_radius":0,"blog_card_shadow_opacity":0,"blog_card_shadow_horizontal_offset":0,"blog_card_shadow_vertical_offset":4,"blog_card_shadow_blur":5,"text_boxes_border_thickness":0,"text_boxes_border_opacity":65,"text_boxes_radius":0,"text_boxes_shadow_opacity":0,"text_boxes_shadow_horizontal_offset":0,"text_boxes_shadow_vertical_offset":4,"text_boxes_shadow_blur":5,"media_border_thickness":0,"media_border_opacity":5,"media_radius":0,"media_shadow_opacity":0,"media_shadow_horizontal_offset":0,"media_shadow_vertical_offset":4,"media_shadow_blur":5,"popup_border_thickness":1,"popup_border_opacity":10,"popup_corner_radius":0,"popup_shadow_opacity":5,"popup_shadow_horizontal_offset":0,"popup_shadow_vertical_offset":4,"popup_shadow_blur":5,"drawer_border_thickness":1,"drawer_border_opacity":10,"drawer_shadow_opacity":0,"drawer_shadow_horizontal_offset":0,"drawer_shadow_vertical_offset":4,"drawer_shadow_blur":5,"badge_position":"bottom left","badge_corner_radius":40,"sale_badge_color_scheme":"scheme-3","sold_out_badge_color_scheme":"scheme-6e20ad15-38f1-4569-a0d6-77d53ad0644b","brand_headline":"","brand_description":"","brand_image_width":100,"social_facebook_link":"https:\/\/www.facebook.com\/profile.php?id=61575935515762","social_instagram_link":"https:\/\/www.instagram.com\/luxylab.shop\/","social_youtube_link":"","social_tiktok_link":"https:\/\/www.tiktok.com\/@luxylab.shop","social_twitter_link":"","social_snapchat_link":"","social_pinterest_link":"","social_tumblr_link":"","social_vimeo_link":"","predictive_search_enabled":true,"predictive_search_show_vendor":false,"predictive_search_show_price":false,"currency_code_enabled":true,"cart_type":"drawer","show_vendor":false,"show_cart_note":false,"cart_drawer_collection":"unsere-bestseller","cart_color_scheme":"scheme-d0548814-b748-4012-852c-b4265ac8cd03","sections":{"main-password-header":{"type":"main-password-header","settings":{"color_scheme":"scheme-1"}},"main-password-footer":{"type":"main-password-footer","settings":{"color_scheme":"scheme-1"}},"collapsible-content":{"type":"collapsible-content","blocks":{"collapsible_row_tA8J7Q":{"type":"collapsible_row","settings":{"heading":"Wie funktioniert die Rückgabe?","icon":"question_mark","row_content":"<p>Du kannst deine Bestellung innerhalb von 14 Tagen nach Erhalt zurückgeben. Schreib uns einfach an: <a><strong>shop@luxylab.de<\/strong><\/a><\/p>","page":""}},"collapsible_row_jHnApb":{"type":"collapsible_row","settings":{"heading":"Ich habe keine Bestellbestätigung erhalten – was tun?","icon":"question_mark","row_content":"<p>Bitte prüfe deinen Spam-Ordner. Wenn du keine E-Mail findest, kontaktiere uns – wir helfen dir gern weiter.<\/p>","page":""}},"collapsible_row_hWkqa6":{"type":"collapsible_row","settings":{"heading":"Ist die Bezahlung sicher?","icon":"question_mark","row_content":"<p>Ja, wir nutzen sichere Zahlungsanbieter wie PayPal, Klarna und Kreditkarte mit SSL-Verschlüsselung.<\/p>","page":""}},"collapsible_row_cnwg48":{"type":"collapsible_row","settings":{"heading":"Was mache ich, wenn mein Produkt beschädigt ankommt?","icon":"question_mark","row_content":"<p>Bitte kontaktiere uns sofort mit einem Foto unter <a><strong>shop@luxylab.de<\/strong><\/a>– wir kümmern uns schnell um eine Lösung.<\/p>","page":""}},"collapsible_row_4TDFnF":{"type":"collapsible_row","settings":{"heading":"Wie lange dauert Versand?","icon":"box","row_content":"<p>Wir versenden deine Bestellung innerhalb von 1–3 Werktagen. Die Lieferzeit beträgt in der Regel 3–5 Werktage.<\/p>","page":""}},"collapsible_row_w9VbYf":{"type":"collapsible_row","settings":{"heading":"Wie kann ich meine Bestellung verfolgen?","icon":"clipboard","row_content":"<p>Sobald deine Bestellung versendet wurde, erhältst du per E-Mail eine Sendungsverfolgung.<\/p>","page":""}}},"block_order":["collapsible_row_tA8J7Q","collapsible_row_jHnApb","collapsible_row_hWkqa6","collapsible_row_cnwg48","collapsible_row_4TDFnF","collapsible_row_w9VbYf"],"name":"FAQ","settings":{"caption":"","heading":"FAQ","heading_size":"h0","heading_alignment":"center","layout":"row","color_scheme":"scheme-2","container_color_scheme":"","open_first_collapsible_row":true,"image_ratio":"small","desktop_layout":"image_second","padding_top":0,"padding_bottom":36}},"newsletter":{"type":"newsletter","blocks":{"heading_rzk8aM":{"type":"heading","settings":{"heading":"Jetzt Newsletter abonnieren & 10 % Rabatt sichern!","heading_size":"h1"}},"paragraph_Hgfwjb":{"type":"paragraph","settings":{"text":"<p>Jetzt anmelden und 10 % auf deine erste Bestellung sparen.<\/p>"}},"email_form_kjhCGL":{"type":"email_form","settings":{}}},"block_order":["heading_rzk8aM","paragraph_Hgfwjb","email_form_kjhCGL"],"settings":{"color_scheme":"scheme-6e20ad15-38f1-4569-a0d6-77d53ad0644b","full_width":true,"padding_top":40,"padding_bottom":52}},"ss-feature-1":{"type":"ss-feature-1","blocks":{"image_XMgWQr":{"type":"image","settings":{"feature_title":"KOSTENLOSER VERSAND","feature_text":"<p>Deutschlandweit mit DHL<\/p>","feature_url":"","hide_image":false}},"image_cgRPnx":{"type":"image","settings":{"feature_title":"24\/7 FÜR DICH ERREICHBAR","feature_text":"<p>Unsere Mitarbeiter helfen dir gerne<\/p>","feature_image":"shopify:\/\/shop_images\/svgviewer-output.svg","feature_url":"shopify:\/\/pages\/contact","hide_image":false}},"image_GXeMdK":{"type":"image","settings":{"feature_title":"14 TAGE GELD-ZURÜCK-GARANTIE","feature_text":"<p><a href=\"\/policies\/refund-policy\" target=\"_blank\" title=\"Refund Policy\">Mehr dazu erfahren<\/a><\/p>","feature_image":"shopify:\/\/shop_images\/svgviewer-output-2.svg","feature_url":"","hide_image":false}},"image_NEUMxM":{"type":"image","settings":{"feature_title":"4,8 Google Bewertungen","feature_text":"<p>Kundenzufriedenheit hat #1 Priorität<\/p>","feature_url":"","hide_image":false}}},"block_order":["image_XMgWQr","image_cgRPnx","image_GXeMdK","image_NEUMxM"],"settings":{"feature_row":4,"feature_row_mobile":1,"feature_gap":20,"feature_gap_mobile":20,"feature_padding_horizontal":0,"feature_padding_vertical":0,"feature_radius":16,"feature_border_thickness":0,"feature_shadow":false,"feature_heading_custom":false,"feature_heading_font":"josefin_sans_n4","feature_heading_size":14,"feature_heading_size_mobile":12,"feature_heading_height":130,"feature_heading_mt":8,"feature_text_custom":false,"feature_text_font":"josefin_sans_n4","feature_text_size":12,"feature_text_size_mobile":12,"feature_text_height":130,"feature_text_mt":4,"feature_icon_size":42,"feature_icon_size_mobile":42,"feature_bg":"#ffffff","feature_border_color":"#000000","feature_shadow_color":"#000000","feature_heading_color":"#000000","feature_text_color":"#000000","feature_icon_color":"#000000","background_color":"#ffffff","background_gradient":"","border_color":"#000000","margin_top":0,"margin_bottom":0,"padding_top":16,"padding_bottom":16,"padding_horizontal":5,"padding_horizontal_mobile":1.5,"full_width":false,"content_width":120,"border_thickness":0,"lazy":true}},"ss-cookie-banner":{"type":"ss-cookie-banner","blocks":{"accept_button_xCP8VC":{"type":"accept_button","settings":{"button_text":"Alle akzeptieren","button_color":"#c2956b","button_text_color":"#ffffff","button_border_color":"#121212","button_border_width":0,"button_border_radius":24}},"decline_button_iKpF4j":{"type":"decline_button","settings":{"redirect_url":"","button_text":"Nur notwendige Cookies","button_color":"#ffffff","button_text_color":"#000000","button_border_color":"#000000","button_border_width":1,"button_border_radius":24}}},"block_order":["accept_button_xCP8VC","decline_button_iKpF4j"],"settings":{"text_color":"#000000","text_size":16,"text":"<p>🍪 <strong>Wir verwenden Cookies, um dir das bestmögliche Einkaufserlebnis zu bieten.<\/strong><br\/>Mit einem Klick auf „Akzeptieren“ stimmst du unserer Cookie-Richtlinie zu.<\/p>","max_width":400,"background_color":"#ffffff","border_radius":24,"vertical_padding":20,"horizontal_padding":20,"placement":"bottom-left","enable_shadow":true}},"footer":{"type":"footer","blocks":{"image_Nj9c7x":{"type":"image","settings":{"image":"shopify:\/\/shop_images\/ChatGPT_Image_27._Apr._2025_23_44_37.png","image_width":175,"alignment":"center"}},"text_Nx7yGW":{"type":"text","settings":{"heading":"Über LuxyLab","subtext":"<p>LuxyLab steht für Innovation, Stil und Schönheit.<br\/>Unsere Mission ist es, dir die besten Beauty-Gadgets zu bieten – mit Liebe zum Detail, Premium-Qualität und modernem Design.<br\/>Werde Teil der LuxyLab Welt ✨<\/p>"}}},"block_order":["image_Nj9c7x","text_Nx7yGW"],"settings":{"color_scheme":"scheme-4","newsletter_enable":false,"newsletter_heading":"Abonniere unsere E-Mails","enable_follow_on_shop":false,"show_social":true,"enable_country_selector":false,"enable_language_selector":false,"payment_enable":true,"show_policy":true,"margin_top":0,"padding_top":36,"padding_bottom":36}}},"content_for_index":[],"blocks":{"11532412952436166569":{"type":"shopify:\/\/apps\/loox-reviews\/blocks\/loox-inject\/5c3b337f-fd14-4df5-b1d6-80ec13e6e28e","disabled":true,"settings":{}},"16706268198842840686":{"type":"shopify:\/\/apps\/sternify\/blocks\/reset_css\/fcc6e879-7d9e-4924-b387-68cfab68cec6","disabled":false,"settings":{}},"855628211100114053":{"type":"shopify:\/\/apps\/klaviyo-email-marketing-sms\/blocks\/klaviyo-onsite-embed\/2632fe16-c075-4321-a88b-50b567f42507","disabled":false,"settings":{}}},"color_schemes":{"scheme-1":{"settings":{"background":"#ffffff","background_gradient":"","text":"#1a1a1a","button":"#1a1a1a","button_label":"#ffffff","secondary_button_label":"#c2956b","shadow":"#121212"}},"scheme-2":{"settings":{"background":"#ffffff","background_gradient":"","text":"#1a1a1a","button":"#c2956b","button_label":"#ffffff","secondary_button_label":"#c2956b","shadow":"#d9d9d9"}},"scheme-3":{"settings":{"background":"#121212","background_gradient":"","text":"#ffffff","button":"#c2956b","button_label":"#121212","secondary_button_label":"#ffffff","shadow":"#000000"}},"scheme-4":{"settings":{"background":"#f5f5f5","background_gradient":"","text":"#1a1a1a","button":"#121212","button_label":"#ffffff","secondary_button_label":"#1a1a1a","shadow":"#cccccc"}},"scheme-5":{"settings":{"background":"#000000","background_gradient":"","text":"#ffffff","button":"#c2956b","button_label":"#000000","secondary_button_label":"#c2956b","shadow":"#000000"}},"scheme-d0548814-b748-4012-852c-b4265ac8cd03":{"settings":{"background":"#ffffff","background_gradient":"","text":"#1a1a1a","button":"#c2956b","button_label":"#ffffff","secondary_button_label":"#c2956b","shadow":"#121212"}},"scheme-261fe94d-3d6c-46d7-a57f-3925af6dbca5":{"settings":{"background":"#c2956b","background_gradient":"","text":"#1a1a1a","button":"#1a1a1a","button_label":"#ffffff","secondary_button_label":"#c2956b","shadow":"#121212"}},"scheme-6e20ad15-38f1-4569-a0d6-77d53ad0644b":{"settings":{"background":"#d6b79a","background_gradient":"","text":"#1a1a1a","button":"#1a1a1a","button_label":"#ffffff","secondary_button_label":"#d6b79a","shadow":"#121212"}},"scheme-276e6b43-cc5e-4d34-9393-90b0b8dd3912":{"settings":{"background":"#faf4ef","background_gradient":"","text":"#1a1a1a","button":"#1a1a1a","button_label":"#ffffff","secondary_button_label":"#d6b79a","shadow":"#121212"}},"scheme-08a1032e-fb35-4788-8af4-b986494023b6":{"settings":{"background":"#ffffff","background_gradient":"","text":"#ffffff","button":"#c2956b","button_label":"#ffffff","secondary_button_label":"#c2956b","shadow":"#121212"}}}},"presets":{"Default":{"logo_width":90,"color_schemes":{"scheme-1":{"settings":{"background":"#FFFFFF","background_gradient":"","text":"#121212","button":"#121212","button_label":"#FFFFFF","secondary_button_label":"#121212","shadow":"#121212"}},"scheme-2":{"settings":{"background":"#F3F3F3","background_gradient":"","text":"#121212","button":"#121212","button_label":"#F3F3F3","secondary_button_label":"#121212","shadow":"#121212"}},"scheme-3":{"settings":{"background":"#242833","background_gradient":"","text":"#FFFFFF","button":"#FFFFFF","button_label":"#000000","secondary_button_label":"#FFFFFF","shadow":"#121212"}},"scheme-4":{"settings":{"background":"#121212","background_gradient":"","text":"#FFFFFF","button":"#FFFFFF","button_label":"#121212","secondary_button_label":"#FFFFFF","shadow":"#121212"}},"scheme-5":{"settings":{"background":"#334FB4","background_gradient":"","text":"#FFFFFF","button":"#FFFFFF","button_label":"#334FB4","secondary_button_label":"#FFFFFF","shadow":"#121212"}}},"type_header_font":"assistant_n4","heading_scale":100,"type_body_font":"assistant_n4","body_scale":100,"page_width":1200,"spacing_sections":0,"spacing_grid_horizontal":8,"spacing_grid_vertical":8,"animations_reveal_on_scroll":true,"animations_hover_elements":"none","buttons_border_thickness":1,"buttons_border_opacity":100,"buttons_radius":0,"buttons_shadow_opacity":0,"buttons_shadow_horizontal_offset":0,"buttons_shadow_vertical_offset":4,"buttons_shadow_blur":5,"variant_pills_border_thickness":1,"variant_pills_border_opacity":55,"variant_pills_radius":40,"variant_pills_shadow_opacity":0,"variant_pills_shadow_horizontal_offset":0,"variant_pills_shadow_vertical_offset":4,"variant_pills_shadow_blur":5,"inputs_border_thickness":1,"inputs_border_opacity":55,"inputs_radius":0,"inputs_shadow_opacity":0,"inputs_shadow_horizontal_offset":0,"inputs_shadow_vertical_offset":4,"inputs_shadow_blur":5,"card_style":"standard","card_image_padding":0,"card_text_alignment":"left","card_color_scheme":"scheme-2","card_border_thickness":0,"card_border_opacity":10,"card_corner_radius":0,"card_shadow_opacity":0,"card_shadow_horizontal_offset":0,"card_shadow_vertical_offset":4,"card_shadow_blur":5,"collection_card_style":"standard","collection_card_image_padding":0,"collection_card_text_alignment":"left","collection_card_color_scheme":"scheme-2","collection_card_border_thickness":0,"collection_card_border_opacity":10,"collection_card_corner_radius":0,"collection_card_shadow_opacity":0,"collection_card_shadow_horizontal_offset":0,"collection_card_shadow_vertical_offset":4,"collection_card_shadow_blur":5,"blog_card_style":"standard","blog_card_image_padding":0,"blog_card_text_alignment":"left","blog_card_color_scheme":"scheme-2","blog_card_border_thickness":0,"blog_card_border_opacity":10,"blog_card_corner_radius":0,"blog_card_shadow_opacity":0,"blog_card_shadow_horizontal_offset":0,"blog_card_shadow_vertical_offset":4,"blog_card_shadow_blur":5,"text_boxes_border_thickness":0,"text_boxes_border_opacity":10,"text_boxes_radius":0,"text_boxes_shadow_opacity":0,"text_boxes_shadow_horizontal_offset":0,"text_boxes_shadow_vertical_offset":4,"text_boxes_shadow_blur":5,"media_border_thickness":1,"media_border_opacity":5,"media_radius":0,"media_shadow_opacity":0,"media_shadow_horizontal_offset":0,"media_shadow_vertical_offset":4,"media_shadow_blur":5,"popup_border_thickness":1,"popup_border_opacity":10,"popup_corner_radius":0,"popup_shadow_opacity":5,"popup_shadow_horizontal_offset":0,"popup_shadow_vertical_offset":4,"popup_shadow_blur":5,"drawer_border_thickness":1,"drawer_border_opacity":10,"drawer_shadow_opacity":0,"drawer_shadow_horizontal_offset":0,"drawer_shadow_vertical_offset":4,"drawer_shadow_blur":5,"badge_position":"bottom left","badge_corner_radius":40,"sale_badge_color_scheme":"scheme-4","sold_out_badge_color_scheme":"scheme-3","brand_headline":"","brand_description":"<p><\/p>","brand_image_width":100,"social_twitter_link":"","social_facebook_link":"","social_pinterest_link":"","social_instagram_link":"","social_tiktok_link":"","social_tumblr_link":"","social_snapchat_link":"","social_youtube_link":"","social_vimeo_link":"","predictive_search_enabled":true,"predictive_search_show_vendor":false,"predictive_search_show_price":false,"currency_code_enabled":true,"cart_type":"notification","show_vendor":false,"show_cart_note":false,"cart_drawer_collection":"","cart_color_scheme":"scheme-1","sections":{"main-password-header":{"type":"main-password-header","settings":{"color_scheme":"scheme-1"}},"main-password-footer":{"type":"main-password-footer","settings":{"color_scheme":"scheme-1"}}}}},"platform_customizations":{"custom_css":[]}}