{"name":"t:sections.header.name","type":"header","sections":{"174612878001594cde":{"type":"apps","blocks":{"sternify_announcement_bar_1_MfjhWB":{"type":"shopify:\/\/apps\/sternify\/blocks\/announcement_bar_1\/fcc6e879-7d9e-4924-b387-68cfab68cec6","settings":{"hintergrundfarbe":"#c2956b","textfarbe":"#121212","vorteil_1":"14-Tage Rückgabe  🚚 Kostenloser Versand","vorteil_2":"kostenfrei Versand in 4-7 Tage 📦","vorteil_3":"4,8\/5 Sterne bei über 500 Bewertungen","icon":"instagram","benutzername":"","social_link":"https:\/\/www.instagram.com\/luxylab.shop\/?locale=de-DE&hl=en","verifiziert":"ja","anzahl_follower_abos":"","vorteil_4":"24 \/ 7 Support Anrufen","show_payment_icons":true}}},"block_order":["sternify_announcement_bar_1_MfjhWB"],"settings":{"include_margins":true}},"announcement-bar":{"type":"announcement-bar","blocks":{"announcement_P4Y63w":{"type":"announcement","settings":{"text":"14 Tage Geld zurück Garantie","link":""}},"announcement-bar-0":{"type":"announcement","settings":{"text":"Wir liefern kostenfrei zu dir nach Hause 📦","link":""}},"announcement_ExMRf6":{"type":"announcement","settings":{"text":"4,8\/5 Sterne bei über 500 Bewertungen","link":""}},"announcement_YWBtyB":{"type":"announcement","settings":{"text":"Entdecke unsere neue Frühjahrskollektion – jetzt online!","link":""}}},"block_order":["announcement_P4Y63w","announcement-bar-0","announcement_ExMRf6","announcement_YWBtyB"],"disabled":true,"settings":{"color_scheme":"scheme-261fe94d-3d6c-46d7-a57f-3925af6dbca5","show_line_separator":true,"show_social":false,"auto_rotate":true,"change_slides_speed":3,"enable_country_selector":false,"enable_language_selector":false}},"header":{"type":"header","settings":{"logo_position":"middle-center","menu":"main-menu","menu_type_desktop":"dropdown","sticky_header_type":"reduce-logo-size","show_line_separator":true,"color_scheme":"scheme-2","menu_color_scheme":"scheme-2","enable_country_selector":true,"enable_language_selector":true,"enable_customer_avatar":true,"mobile_logo_position":"center","margin_bottom":0,"padding_top":0,"padding_bottom":0}}},"order":["174612878001594cde","announcement-bar","header"]}