{"sections":{"banner":{"type":"main-collection-banner","settings":{"show_collection_description":false,"show_collection_image":true,"color_scheme":"scheme-2"}},"product-grid":{"type":"main-collection-product-grid","settings":{"products_per_page":16,"columns_desktop":4,"color_scheme":"scheme-2","image_ratio":"adapt","image_shape":"blob","show_secondary_image":true,"show_vendor":false,"show_rating":true,"quick_add":"none","enable_filtering":true,"filter_type":"horizontal","enable_sorting":true,"columns_mobile":"2","padding_top":0,"padding_bottom":0}},"video_Q3NBLh":{"type":"video","name":"t:sections.video.presets.name","settings":{"heading":"","heading_size":"h1","enable_video_looping":true,"video":"shopify:\/\/files\/videos\/Derr ( in 1 LUXY STYLER PRO-3.mp4","video_url":"","cover_image":"shopify:\/\/shop_images\/36.png","description":"","full_width":true,"color_scheme":"scheme-1","padding_top":36,"padding_bottom":36}},"st_image_with_benefits_bNPRPp":{"type":"st_image-with-benefits","blocks":{"benefit_pAjwGq":{"type":"benefit","settings":{"benefit_icon":"shopify:\/\/shop_images\/hohe-qualitat.png","benefit_title":"Hochwertige Materialien","benefit_text":"<p>Robust, langlebig und stilvoll – für zuverlässige Ergebnisse Tag für Tag.<\/p>"}},"benefit_QA9qff":{"type":"benefit","settings":{"benefit_icon":"shopify:\/\/shop_images\/award-star-mit-olivenzweigen.png","benefit_title":"Vielseitige Funktionen","benefit_text":"<p>Glätten, Volumen, Wellen – alles mit einem Gerät. Einfach & effizient.<\/p>"}},"benefit_cW8RRm":{"type":"benefit","settings":{"benefit_icon":"shopify:\/\/shop_images\/schild.png","benefit_title":"Sicher & unkompliziert","benefit_text":"<p>Schutzbeschichtung & intuitive Bedienung – für ein sicheres Styling-Erlebnis.<\/p>"}},"benefit_CBpVbR":{"type":"benefit","settings":{"benefit_icon":"shopify:\/\/shop_images\/paket-geliefert.png","benefit_title":"Stilvoll verpackt. Schnell geliefert.","benefit_text":"<p>Luxystyler kommt sicher bei dir an – schön verpackt und versandbereit.<\/p>"}}},"block_order":["benefit_pAjwGq","benefit_QA9qff","benefit_cW8RRm","benefit_CBpVbR"],"custom_css":[],"name":"💫: Image with Benefits","settings":{"margin_top":0,"margin_bottom":0,"main_image":"shopify:\/\/shop_images\/BILDER_ANPASSEN-3.png","headline_text":"Was macht uns besonders?","max_block_width":140,"font_settings":"poppins_n4","headline_font":"helvetica_n7","headline_text_size":70,"headline_text_color":"#000000","benefit_title_color":"#d6b79a","benefit_text_color":"#000000","icon_size_desktop":50,"icon_size_mobile":35}}},"order":["banner","product-grid","video_Q3NBLh","st_image_with_benefits_bNPRPp"]}