{"sections":{"image_banner":{"type":"image-banner","blocks":{"heading":{"type":"heading","settings":{"heading":"50 % Rabatt auf deinen neuen Look","heading_size":"h2"}},"text_zwfgqc":{"type":"text","settings":{"text":"Von Alltagslook zu Glamour – in 5 Minuten","text_style":"caption-with-letter-spacing"}},"button":{"type":"buttons","settings":{"button_label_1":"Jetzt 50 % sparen","button_link_1":"shopify:\/\/collections\/frontpage","button_style_secondary_1":true,"button_label_2":"","button_link_2":"","button_style_secondary_2":false}}},"block_order":["heading","text_zwfgqc","button"],"disabled":true,"custom_css":[".banner {height: 110vh !important; margin-bottom: -10vh !important; overflow: hidden;}",".banner__media {position: absolute; width: 100%; height: 110%; object-fit: cover;}",".banner__content {transition: opacity 0.3s ease;}"],"settings":{"image_2":"shopify:\/\/shop_images\/ChatGPT_Image_27._Apr._2025_23_44_37.png","image_overlay_opacity":0,"image_height":"adapt","desktop_content_position":"bottom-center","show_text_box":false,"desktop_content_alignment":"center","color_scheme":"scheme-3","image_behavior":"zoom-in","mobile_content_alignment":"center","stack_images_on_mobile":true,"show_text_below":false}},"video-banner":{"type":"video-banner","settings":{}},"featured_product_EXnnMA":{"type":"featured-product","blocks":{"title_gzQgEL":{"type":"title","settings":{"heading_size":"h1"}},"price_nVMHeT":{"type":"price","settings":{}},"variant_picker_T73Ykk":{"type":"variant_picker","settings":{"picker_type":"button","swatch_shape":"circle"}},"sternify_user_trust_with_names_bzQd8N":{"type":"shopify:\/\/apps\/sternify\/blocks\/user_trust_with_names\/fcc6e879-7d9e-4924-b387-68cfab68cec6","settings":{"Abstand_oben":0,"Abstand_unten":0,"profil_bild_1":"shopify:\/\/shop_images\/dressed-for-spring.jpg","profil_bild_2":"shopify:\/\/shop_images\/woman-portrait-on-pink-brick.jpg","profil_bild_3":"shopify:\/\/shop_images\/bright-smile-in-front-of-red-background.jpg","nutzername_1":"Melek","nutzername_2":"Jasmin","nutzername_3":"Sophie","verifiziert":true,"usertrust_text":"<p>und <strong>+700 andere<\/strong> sind begeistert von LuxyStyler<\/p>","font_size":12,"font_picker":"poppins_n6","hintergrunds_farbe":"#f9f9f9","text_farbe":"#000000","avatar_border_color":"#c2956b","avatar_border_thickness":2}},"sternify_benefit_usp_with_icons_pQ9TJU":{"type":"shopify:\/\/apps\/sternify\/blocks\/benefit_usp_with_icons\/fcc6e879-7d9e-4924-b387-68cfab68cec6","settings":{"Abstand_oben":0,"Abstand_unten":0,"icon_1":"shopify:\/\/shop_images\/ChatGPT_Image_1._Mai_2025_19_27_41.png","text_1":"<strong>8-in-1 Multistyler<\/strong>","icon_2":"shopify:\/\/shop_images\/ChatGPT_Image_1._Mai_2025_19_27_41.png","text_2":"<strong>Luxuriöses Styling<\/strong>","icon_3":"shopify:\/\/shop_images\/ChatGPT_Image_1._Mai_2025_19_27_41.png","text_3":"<strong>Für jeden Haartyp<\/strong>","text_4":"","text_5":"","text_color":"#000000","text_size":15,"icon_size":20}},"quantity_selector_QpzJzA":{"type":"quantity_selector","disabled":true,"settings":{}},"sternify_inventory_aF4nCj":{"type":"shopify:\/\/apps\/sternify\/blocks\/inventory\/fcc6e879-7d9e-4924-b387-68cfab68cec6","settings":{"inventory_tracking":"manual","Abstand_oben":0,"Abstand_unten":-15,"mode":"limited","inventory_text":"Exklusiv: 14 Stück sofort lieferbar","font_picker":"poppins_n4","font_size":14,"dynamic_available_text":"Auf Lager - in 3 bis 5 Tagen bei Dir","dynamic_sold_out_text":"Ausverkauft"}},"buy_buttons_dAaDTe":{"type":"buy_buttons","settings":{"show_dynamic_checkout":false,"show_gift_card_recipient":true}},"sternify_payment_icons_jaFJTq":{"type":"shopify:\/\/apps\/sternify\/blocks\/payment_icons\/fcc6e879-7d9e-4924-b387-68cfab68cec6","settings":{"Abstand_oben":-15,"Abstand_unten":0,"paypal":true,"amex":true,"klarna_rechnung":false,"klarna_sofort":false,"visa":true,"mastercard":true,"klarna":true,"apple_pay":true,"google_pay":true,"twint":false,"ideal":false,"bancontact":false}}},"block_order":["title_gzQgEL","price_nVMHeT","variant_picker_T73Ykk","sternify_user_trust_with_names_bzQd8N","sternify_benefit_usp_with_icons_pQ9TJU","quantity_selector_QpzJzA","sternify_inventory_aF4nCj","buy_buttons_dAaDTe","sternify_payment_icons_jaFJTq"],"custom_css":[],"name":"t:sections.featured-product.presets.name","settings":{"product":"luxylab-airstyler-pro-9in1-multistyler","color_scheme":"scheme-2","secondary_background":true,"media_size":"medium","constrain_to_viewport":true,"media_fit":"cover","media_position":"left","image_zoom":"none","hide_variants":true,"enable_video_looping":true,"padding_top":36,"padding_bottom":36}},"st_media_and_content_VtgA8R":{"type":"st_media-and-content","blocks":{"title_WrGiGg":{"type":"title","settings":{"heading_text":"[Perfektes Styling.] In nur wenigen Minuten.","highlight_color":"#c2956b","title_font":"inter_n7","title_size":42,"title_line_height":1.3,"mobile_title_size":24,"title_color":"#000000"}},"description_7egy98":{"type":"description","settings":{"description":"<p>Sag Goodbye zu Hitzeschäden und stundenlangem Styling. Mit dem LuxyStyler kreierst du mühelos glattes Haar, sanfte Wellen oder Volumen – ganz ohne Frizz. Leicht, kompakt & perfekt für Zuhause oder unterwegs.<\/p>","description_font":"inter_n4","description_size":16,"description_line_height":1.7,"mobile_description_size":14,"description_color":"#333333"}},"icon_and_text_CezBXK":{"type":"icon_and_text","settings":{"feature_text":"Styling in Minuten statt Stunden","icon":"shopify:\/\/shop_images\/ChatGPT_Image_1._Mai_2025_19_27_41.png","feature_font":"inter_n4","feature_size":15,"feature_color":"#333333","icon_size":20,"icon_background":"#121212","icon_color":"#ffffff","icon_opacity":1}},"icon_and_text_cgzJMR":{"type":"icon_and_text","settings":{"feature_text":"Ohne Hitzeschäden – schonend & effektiv","icon":"shopify:\/\/shop_images\/ChatGPT_Image_1._Mai_2025_19_27_41.png","feature_font":"inter_n4","feature_size":15,"feature_color":"#333333","icon_size":20,"icon_background":"#121212","icon_color":"#ffffff","icon_opacity":1}},"icon_and_text_jz7pG7":{"type":"icon_and_text","settings":{"feature_text":"Kompakt – ideal für Reisen","icon":"shopify:\/\/shop_images\/ChatGPT_Image_1._Mai_2025_19_27_41.png","feature_font":"inter_n4","feature_size":15,"feature_color":"#333333","icon_size":20,"icon_background":"#121212","icon_color":"#ffffff","icon_opacity":1}},"social_proof_iW8iL6":{"type":"social_proof","settings":{"avatar":"shopify:\/\/shop_images\/dyson-airwrap-complete-long-multi-styler-nickelcopper-or-533897-01__43624.jpg","testimonial":"<p>Der LuxyStyler hat mein Haarstyling komplett verändert. Schneller, gesünder & viel einfacher!“<\/p>","customer_name":"Mila T.","rating":4.5,"star_color":"#facd56","star_color_background":"#e1e1e1","star_size":16,"show_border":true,"border_color":"#e0e0e0","background_color":"#ffffff","border_radius":8,"padding":20,"avatar_size":50,"testimonial_font":"inter_n4","testimonial_size":16,"testimonial_color":"#333333","name_font":"inter_n6","name_size":14,"name_color":"#333333"}}},"block_order":["title_WrGiGg","description_7egy98","icon_and_text_CezBXK","icon_and_text_cgzJMR","icon_and_text_jz7pG7","social_proof_iW8iL6"],"name":"💫: Media and Content","settings":{"media_type":"image","image":"shopify:\/\/shop_images\/dyson-airwrap-complete-long-multi-styler-nickelcopper-or-533897-01__43624.jpg","desktop_layout":"media_right","mobile_layout":"media_top","section_max_width":1400,"content_padding":40,"content_gap":25,"border_radius":10,"space_from_top":0,"space_from_bottom":48,"section_background_color":"rgba(0,0,0,0)","box_enabled":true,"background_color":"#f4f4f4"}},"featured_collection":{"type":"featured-collection","custom_css":[],"settings":{"title":"<strong>UNSERE BESTSELLER <\/strong>","heading_size":"h2","description":"<p><strong>Unsere Favoriten – beliebt, stilvoll, begehrt.<\/strong><\/p>","show_description":false,"description_style":"uppercase","collection":"bestseller","products_to_show":8,"columns_desktop":4,"full_width":true,"show_view_all":true,"view_all_style":"solid","enable_desktop_slider":true,"color_scheme":"scheme-2","image_ratio":"adapt","image_shape":"blob","show_secondary_image":true,"show_vendor":false,"show_rating":true,"quick_add":"standard","columns_mobile":"2","swipe_on_mobile":true,"padding_top":0,"padding_bottom":40}},"video_yj7w6b":{"type":"video","disabled":true,"custom_css":[],"name":"t:sections.video.presets.name","settings":{"heading":"So wirkt der LuxyLab Airstyler ✨","heading_size":"h2","enable_video_looping":true,"video":"shopify:\/\/files\/videos\/Derr ( in 1 LUXY STYLER PRO.mp4","video_url":"https:\/\/www.youtube.com\/watch?v=_9VUPq3SxOc","description":"","full_width":false,"color_scheme":"scheme-1","padding_top":36,"padding_bottom":36}},"slideshow_yTWGrc":{"type":"slideshow","blocks":{"slide_8yaYfV":{"type":"slide","settings":{"image":"shopify:\/\/shop_images\/5_34870151-a192-4388-ae2c-43211d52c578.png","heading":"<strong>Traumhafte Locken wie vom Profi 💫<\/strong>","heading_size":"h2","subheading":"Schnell, einfach & perfekt gestylt.","button_label":"Jetzt entdecken","link":"shopify:\/\/products\/luxylab-airstyler-pro-ii-schwarz","button_style_secondary":false,"box_align":"middle-center","show_text_box":true,"text_alignment":"center","image_overlay_opacity":0,"color_scheme":"scheme-2","text_alignment_mobile":"center"}},"slide_7XFycc":{"type":"slide","settings":{"image":"shopify:\/\/shop_images\/4_dde56c09-e716-4a2b-9a3e-53cf7d9470e4.png","heading":"Starke Power – in Minuten gestylt ⚡","heading_size":"h2","subheading":"1600W Leistung & max. Präzision.","button_label":"Jetzt entdecken","link":"shopify:\/\/products\/luxylab-airstyler-pro-ii-schwarz","button_style_secondary":false,"box_align":"middle-center","show_text_box":true,"text_alignment":"center","image_overlay_opacity":0,"color_scheme":"scheme-2","text_alignment_mobile":"center"}},"slide_imWrGF":{"type":"slide","settings":{"image":"shopify:\/\/shop_images\/6_fe7e4a36-4f2c-4894-9994-63f3a5c73e72.png","heading":"<strong>Ionenpflege für glänzendes Haar ✨<\/strong>","heading_size":"h2","subheading":"Weniger Frizz, mehr Glanz & Volumen.","button_label":"Jetzt entdecken","link":"shopify:\/\/products\/luxylab-airstyler-pro-ii-schwarz","button_style_secondary":false,"box_align":"middle-center","show_text_box":true,"text_alignment":"center","image_overlay_opacity":0,"color_scheme":"scheme-2","text_alignment_mobile":"center"}},"slide_etRVYh":{"type":"slide","settings":{"image":"shopify:\/\/shop_images\/7_8c397168-967c-4951-8567-95f369beec8f.png","heading":"<strong>8 Aufsätze für grenzenloses Styling 💇‍♀️<\/strong>","heading_size":"h2","subheading":"Für Glätten, Föhnen, Locken & mehr.","button_label":"Jetzt entdecken","link":"shopify:\/\/products\/luxylab-airstyler-pro-ii-schwarz","button_style_secondary":false,"box_align":"middle-center","show_text_box":true,"text_alignment":"center","image_overlay_opacity":0,"color_scheme":"scheme-2","text_alignment_mobile":"center"}},"slide_qJJMT3":{"type":"slide","settings":{"image":"shopify:\/\/shop_images\/2_dc0d4c6e-4745-4fb4-8bb3-4e5f516e3480.png","heading":"<strong>Dein 8-in-1 Multitalent für jedes Haarstyling 💫 <\/strong>","heading_size":"h2","subheading":"für jeden Look perfekt ausgestattet.","button_label":"Jetzt entdecken","link":"shopify:\/\/products\/luxylab-airstyler-pro-ii-schwarz","button_style_secondary":false,"box_align":"middle-center","show_text_box":true,"text_alignment":"center","image_overlay_opacity":0,"color_scheme":"scheme-2","text_alignment_mobile":"center"}}},"block_order":["slide_8yaYfV","slide_7XFycc","slide_imWrGF","slide_etRVYh","slide_qJJMT3"],"custom_css":[],"name":"t:sections.slideshow.presets.name","settings":{"layout":"grid","slide_height":"adapt_image","slider_visual":"dots","auto_rotate":true,"change_slides_speed":5,"image_behavior":"none","show_text_below":true,"accessibility_info":"Slideshow zu deiner Marke"}},"featured_collection_XMBP6W":{"type":"featured-collection","settings":{"title":"<strong>UNSERE PRODUKTE<\/strong>","heading_size":"h2","description":"","show_description":false,"description_style":"body","collection":"frontpage","products_to_show":8,"columns_desktop":4,"full_width":false,"show_view_all":true,"view_all_style":"solid","enable_desktop_slider":true,"color_scheme":"scheme-2","image_ratio":"adapt","image_shape":"default","show_secondary_image":true,"show_vendor":false,"show_rating":true,"quick_add":"none","columns_mobile":"2","swipe_on_mobile":true,"padding_top":32,"padding_bottom":32}},"image_with_text_pqynLy":{"type":"image-with-text","blocks":{"heading_fYY6nM":{"type":"heading","settings":{"heading":"ÜBER UNS","heading_size":"h1"}},"text_rx7V7w":{"type":"text","settings":{"text":"<p>Wir sind ein junges Team und lieben, was wir tun. Unser Ziel: Wir möchten, dass du dich schön fühlst und strahlst.<\/p><p>Dafür suchen wir tolle Haar-Produkte und coole Tools für dich aus – modern, schick verpackt und zu einem fairen Preis.<\/p><p>Bei LuxyLab soll dein Einkauf Spaß machen und etwas Besonderes sein. ✨<\/p>","text_style":"body"}}},"block_order":["heading_fYY6nM","text_rx7V7w"],"settings":{"image":"shopify:\/\/shop_images\/Flux_Dev_A_natural_highquality_photo_showing_three_young_peopl_0.jpg","height":"adapt","desktop_image_width":"small","layout":"image_first","desktop_content_position":"top","desktop_content_alignment":"left","content_layout":"overlap","section_color_scheme":"scheme-2","color_scheme":"scheme-2","image_behavior":"zoom-in","mobile_content_alignment":"center","padding_top":32,"padding_bottom":0}},"st_product_benefit_tabs_E94xHF":{"type":"st_product-benefit-tabs","blocks":{"benefit_tab_xm88Xt":{"type":"benefit_tab","settings":{"slider_image":"shopify:\/\/shop_images\/Light_Grey_Minimalist_Mockup_Skincare_Product_Features_Instagram_Story.png","slider_icon":"shopify:\/\/shop_images\/money-bag_2953361.png","icon_title":"Fairer Preis. Guter Stil.","slider_subtitle":"","slider_description":""}},"benefit_tab_Gq8yRn":{"type":"benefit_tab","settings":{"slider_image":"shopify:\/\/shop_images\/Beige_Reminder_Instagram_Story.png","slider_icon":"shopify:\/\/shop_images\/ruckgabebox.png","icon_title":"14 Tage Rückgaberecht","slider_subtitle":"","slider_description":""}},"benefit_tab_X7pzG3":{"type":"benefit_tab","settings":{"slider_image":"shopify:\/\/shop_images\/Gruen_Weiss_Professionell_Frau_Laptop_Zitat_Erinnerung_Smartphone_Instagram_Story.png","slider_icon":"shopify:\/\/shop_images\/secure_10108395.png","icon_title":"Sicher & stilvoll shoppen","slider_subtitle":"","slider_description":""}},"benefit_tab_PU8LeF":{"type":"benefit_tab","settings":{"slider_image":"shopify:\/\/shop_images\/White_Minimalist_Free_Shipping_Day_Announcement_Instagram_Story.png","slider_icon":"shopify:\/\/shop_images\/complete_12963974.png","icon_title":"Sorgfältiger Versand","slider_subtitle":"","slider_description":""}}},"block_order":["benefit_tab_xm88Xt","benefit_tab_Gq8yRn","benefit_tab_X7pzG3","benefit_tab_PU8LeF"],"custom_css":[],"name":"💫: Product Benefit Tabs","settings":{"margin_top":0,"margin_bottom":50,"max_width":1600,"title":"Weil du es wert bist","title_font":"poppins_n6","title_fontsize_desktop":35,"title_fontsize_mobile":30,"tab_font":"poppins_n5","tab_fontsize":15,"subtitle_font":"poppins_n6","subtitle_fontsize_desktop":30,"subtitle_fontsize_mobile":25,"text_font":"poppins_n4","text_fontsize":16,"text_alignment":"center","show_icons":false,"show_tabs":false,"title_color":"#351416","subtitle_color":"#351416","description_color":"#333333","nav_button_background":"#ffffff","nav_button_arrow":"#191919","tab_background":"#efe9dd","tab_text":"#161616","active_tab_background":"#efe9dd","active_tab_text":"#131313","active_tab_border":"#efe9dd","active_tab_border_thickness":1}},"collapsible_content_6bwWcW":{"type":"collapsible-content","blocks":{"collapsible_row_Xg9aMC":{"type":"collapsible_row","settings":{"heading":"Wie lange dauert Versand?","icon":"box","row_content":"<p>Wir versenden deine Bestellung innerhalb von 1–3 Werktagen. Die Lieferzeit beträgt in der Regel 3–5 Werktage.<\/p>","page":""}},"collapsible_row_PRtyKa":{"type":"collapsible_row","settings":{"heading":"Wie kann ich meine Bestellung verfolgen?","icon":"clipboard","row_content":"<p>Sobald deine Bestellung versendet wurde, erhältst du per E-Mail eine Sendungsverfolgung.<\/p>","page":""}},"collapsible_row_n3ncRk":{"type":"collapsible_row","settings":{"heading":"Wie funktioniert die Rückgabe?","icon":"question_mark","row_content":"<p>Du kannst deine Bestellung innerhalb von 14 Tagen nach Erhalt zurückgeben. Schreib uns einfach an: <a><strong>shop@luxylab.de<\/strong><\/a><\/p>","page":""}},"collapsible_row_bxBJJa":{"type":"collapsible_row","settings":{"heading":"Ich habe keine Bestellbestätigung erhalten – was tun?","icon":"question_mark","row_content":"<p>Bitte prüfe deinen Spam-Ordner. Wenn du keine E-Mail findest, kontaktiere uns – wir helfen dir gern weiter.<\/p>","page":""}},"collapsible_row_h6prDJ":{"type":"collapsible_row","settings":{"heading":"Ist die Bezahlung sicher?","icon":"question_mark","row_content":"<p>Ja, wir nutzen sichere Zahlungsanbieter wie PayPal, Klarna und Kreditkarte mit SSL-Verschlüsselung.<\/p>","page":""}},"collapsible_row_FPDkDB":{"type":"collapsible_row","settings":{"heading":"Was mache ich, wenn mein Produkt beschädigt ankommt?","icon":"question_mark","row_content":"<p>Bitte kontaktiere uns sofort mit einem Foto unter<a><strong>shop@luxylab.de<\/strong><\/a>– wir kümmern uns schnell um eine Lösung.<\/p>","page":""}}},"block_order":["collapsible_row_Xg9aMC","collapsible_row_PRtyKa","collapsible_row_n3ncRk","collapsible_row_bxBJJa","collapsible_row_h6prDJ","collapsible_row_FPDkDB"],"disabled":true,"name":"FAQ - Hide","settings":{"caption":"","heading":"FAQ","heading_size":"h0","heading_alignment":"center","layout":"row","color_scheme":"scheme-2","container_color_scheme":"","open_first_collapsible_row":true,"image":"shopify:\/\/shop_images\/person-holds-a-sign-that-says-ask-for-help.jpg","image_ratio":"small","desktop_layout":"image_first","padding_top":36,"padding_bottom":36}},"newsletter_x3yEkK":{"type":"newsletter","blocks":{"heading_R3rHR3":{"type":"heading","settings":{"heading":"Jetzt Newsletter abonnieren & 10 % Rabatt sichern!","heading_size":"h1"}},"paragraph_QwHcYe":{"type":"paragraph","settings":{"text":"<p>Jetzt anmelden und 10 % auf deine erste Bestellung sparen.<\/p>"}},"email_form_gbpx7z":{"type":"email_form","settings":{}}},"block_order":["heading_R3rHR3","paragraph_QwHcYe","email_form_gbpx7z"],"disabled":true,"custom_css":[],"name":"E-Mail-Anmeldung - Hide","settings":{"color_scheme":"scheme-6e20ad15-38f1-4569-a0d6-77d53ad0644b","full_width":true,"padding_top":40,"padding_bottom":52}},"ss_feature_1_yb9wxk":{"type":"ss-feature-1","blocks":{"image_xmVcC7":{"type":"image","settings":{"feature_title":"KOSTENLOSER VERSAND","feature_text":"<p>Deutschlandweit mit DHL<\/p>","feature_url":"https:\/\/section.store\/","hide_image":false}},"image_WjJGpD":{"type":"image","settings":{"feature_title":"24\/7 FÜR DICH ERREICHBAR","feature_text":"<p>Unsere Mitarbeiter helfen dir gerne<\/p>","feature_image":"shopify:\/\/shop_images\/svgviewer-output.svg","feature_url":"","hide_image":false}},"image_qiC4pr":{"type":"image","settings":{"feature_title":"14 TAGE GELD-ZURÜCK-GARANTIE","feature_text":"<p><a href=\"\/policies\/refund-policy\" target=\"_blank\" title=\"Refund Policy\">Mehr dazu erfahren<\/a><\/p>","feature_image":"shopify:\/\/shop_images\/svgviewer-output-2.svg","feature_url":"","hide_image":false}},"image_qVtbYm":{"type":"image","settings":{"feature_title":"4,8 Google Bewertungen","feature_text":"<p>Kundenzufriedenheit hat #1 Priorität<\/p>","feature_url":"","hide_image":false}}},"block_order":["image_xmVcC7","image_WjJGpD","image_qiC4pr","image_qVtbYm"],"disabled":true,"name":"SS - Feature #1 - Hide","settings":{"feature_row":4,"feature_row_mobile":1,"feature_gap":20,"feature_gap_mobile":20,"feature_padding_horizontal":0,"feature_padding_vertical":0,"feature_radius":16,"feature_border_thickness":0,"feature_shadow":false,"feature_heading_custom":false,"feature_heading_font":"josefin_sans_n4","feature_heading_size":14,"feature_heading_size_mobile":12,"feature_heading_height":130,"feature_heading_mt":8,"feature_text_custom":false,"feature_text_font":"josefin_sans_n4","feature_text_size":12,"feature_text_size_mobile":12,"feature_text_height":130,"feature_text_mt":4,"feature_icon_size":42,"feature_icon_size_mobile":42,"feature_bg":"#ffffff","feature_border_color":"#000000","feature_shadow_color":"#000000","feature_heading_color":"#000000","feature_text_color":"#000000","feature_icon_color":"#000000","background_color":"#ffffff","background_gradient":"","border_color":"#000000","margin_top":0,"margin_bottom":0,"padding_top":16,"padding_bottom":16,"padding_horizontal":5,"padding_horizontal_mobile":1.5,"full_width":false,"content_width":120,"border_thickness":0,"lazy":true}},"ss_cookie_banner_9mpGwJ":{"type":"ss-cookie-banner","blocks":{"accept_button_Uk3KEb":{"type":"accept_button","settings":{"button_text":"Accept","button_color":"#c2956b","button_text_color":"#ffffff","button_border_color":"#121212","button_border_width":0,"button_border_radius":24}},"decline_button_Nc6hRh":{"type":"decline_button","settings":{"redirect_url":"","button_text":"Decline","button_color":"#ffffff","button_text_color":"#121212","button_border_color":"#121212","button_border_width":1,"button_border_radius":24}}},"block_order":["accept_button_Uk3KEb","decline_button_Nc6hRh"],"disabled":true,"name":"SS - Cookie Banner- Hide","settings":{"text_color":"#000000","text_size":16,"text":"<p>🍪 <strong>Wir verwenden Cookies, um dir das bestmögliche Einkaufserlebnis zu bieten.<\/strong><br\/>Mit einem Klick auf „Accept“ stimmst du unserer Cookie-Richtlinie zu.<\/p>","max_width":400,"background_color":"#ffffff","border_radius":24,"vertical_padding":20,"horizontal_padding":20,"placement":"bottom-left","enable_shadow":true}}},"order":["image_banner","video-banner","featured_product_EXnnMA","st_media_and_content_VtgA8R","featured_collection","video_yj7w6b","slideshow_yTWGrc","featured_collection_XMBP6W","image_with_text_pqynLy","st_product_benefit_tabs_E94xHF","collapsible_content_6bwWcW","newsletter_x3yEkK","ss_feature_1_yb9wxk","ss_cookie_banner_9mpGwJ"]}