{"sections":{"main":{"type":"main-page","settings":{"padding_top":28,"padding_bottom":28}},"collapsible_content_PVUgNc":{"type":"collapsible-content","blocks":{"collapsible_row_FXiNcp":{"type":"collapsible_row","settings":{"heading":"Einklappbare Reihe","icon":"check_mark","row_content":"","page":""}},"collapsible_row_RM34N7":{"type":"collapsible_row","settings":{"heading":"Einklappbare Reihe","icon":"check_mark","row_content":"","page":""}},"collapsible_row_efKDgm":{"type":"collapsible_row","settings":{"heading":"Einklappbare Reihe","icon":"check_mark","row_content":"","page":""}},"collapsible_row_TRNiyM":{"type":"collapsible_row","settings":{"heading":"Einklappbare Reihe","icon":"check_mark","row_content":"","page":""}}},"block_order":["collapsible_row_FXiNcp","collapsible_row_RM34N7","collapsible_row_efKDgm","collapsible_row_TRNiyM"],"name":"t:sections.collapsible_content.presets.name","settings":{"caption":"","heading":"Einklappbarer Inhalt","heading_size":"h1","heading_alignment":"center","layout":"none","color_scheme":"","container_color_scheme":"","open_first_collapsible_row":false,"image_ratio":"adapt","desktop_layout":"image_second","padding_top":36,"padding_bottom":36}}},"order":["main","collapsible_content_PVUgNc"]}