{"sections":{"main":{"type":"main-product","blocks":{"text_DL6ahb":{"type":"text","disabled":true,"settings":{"text":"🌟 Über 12.000 zufriedene Kund:innen","text_style":"body"}},"title":{"type":"title","settings":{}},"price":{"type":"price","settings":{}},"sternify_user_trust_with_names_ycwW3q":{"type":"shopify:\/\/apps\/sternify\/blocks\/user_trust_with_names\/fcc6e879-7d9e-4924-b387-68cfab68cec6","settings":{"Abstand_oben":0,"Abstand_unten":0,"profil_bild_1":"shopify:\/\/shop_images\/dressed-for-spring.jpg","profil_bild_2":"shopify:\/\/shop_images\/woman-portrait-on-pink-brick.jpg","profil_bild_3":"shopify:\/\/shop_images\/fashion-model-in-red-suit.jpg","nutzername_1":"Melek","nutzername_2":"Jasmin","nutzername_3":"Sohpie","verifiziert":true,"usertrust_text":"<p>und <strong>+700 andere<\/strong> sind begeistert von LuxyStyler<\/p>","font_size":12,"font_picker":"poppins_n6","hintergrunds_farbe":"#f9f6f2","text_farbe":"#000000","avatar_border_color":"#c2956b","avatar_border_thickness":2}},"sternify_benefit_usp_with_icons_fnKtk9":{"type":"shopify:\/\/apps\/sternify\/blocks\/benefit_usp_with_icons\/fcc6e879-7d9e-4924-b387-68cfab68cec6","settings":{"Abstand_oben":0,"Abstand_unten":0,"icon_1":"shopify:\/\/shop_images\/ChatGPT_Image_1._Mai_2025_19_27_41.png","text_1":" <strong>Sanft zu Haar & Kopfhaut<\/strong>","icon_2":"shopify:\/\/shop_images\/ChatGPT_Image_1._Mai_2025_19_27_41.png","text_2":" <strong>Entwirrt ohne Ziepen<\/strong>","icon_3":"shopify:\/\/shop_images\/ChatGPT_Image_1._Mai_2025_19_27_41.png","text_3":" <strong>Für alle Haartypen geeignet<\/strong>","text_4":"","text_5":"","text_color":"#000000","text_size":15,"icon_size":20}},"variant_picker":{"type":"variant_picker","settings":{"picker_type":"button","swatch_shape":"circle"}},"quantity_selector":{"type":"quantity_selector","disabled":true,"settings":{}},"sternify_inventory_8YgB6F":{"type":"shopify:\/\/apps\/sternify\/blocks\/inventory\/fcc6e879-7d9e-4924-b387-68cfab68cec6","settings":{"inventory_tracking":"manual","Abstand_oben":0,"Abstand_unten":-15,"mode":"available","inventory_text":"Auf Lager - in 4 bis 7 Tagen bei Dir","font_picker":"poppins_n4","font_size":12,"dynamic_available_text":"Auf Lager - in 4 bis 7 Tagen bei Dir","dynamic_sold_out_text":"Ausverkauft"}},"buy_buttons":{"type":"buy_buttons","settings":{"show_dynamic_checkout":false,"show_gift_card_recipient":true}},"sternify_payment_icons_NRUYUD":{"type":"shopify:\/\/apps\/sternify\/blocks\/payment_icons\/fcc6e879-7d9e-4924-b387-68cfab68cec6","settings":{"Abstand_oben":-15,"Abstand_unten":0,"paypal":true,"amex":true,"klarna_rechnung":false,"klarna_sofort":false,"visa":true,"mastercard":true,"klarna":true,"apple_pay":true,"google_pay":true,"twint":false,"ideal":false,"bancontact":false}},"sternify_benefit_four_boxes_DU7W6y":{"type":"shopify:\/\/apps\/sternify\/blocks\/benefit_four_boxes\/fcc6e879-7d9e-4924-b387-68cfab68cec6","settings":{"Abstand_oben":0,"Abstand_unten":0,"titel_1":"<strong>Kostenloser Versand<\/strong>","subtext_1":"In 4-7 Tagen bei dir zu Hause.","titel_2":"<strong>Deutsches Start-Up aus München<\/strong>","subtext_2":"Unterstütze eine regionale Marke","titel_3":"<strong>Persönlicher Service 24\/7<\/strong>","subtext_3":"Steht dir bei Fragen zur Seite","titel_4":"<strong>14 Tage Rückgaberecht<\/strong>","subtext_4":"Risikofrei dank Zufriedenheitsgarantie","font_picker":"poppins_n4","title_size":13,"subtext_size":11,"box_rounded":0,"hintergrunds_farbe":"#f6f6f6","text_farbe":"#000000"}},"description":{"type":"description","disabled":true,"settings":{}},"rating_dNBYbN":{"type":"rating","settings":{}},"complementary_U64EPg":{"type":"complementary","disabled":true,"settings":{"block_heading":"Passt gut zu","make_collapsible_row":true,"icon":"price_tag","product_list_limit":10,"products_per_page":3,"pagination_style":"counter","image_ratio":"square","enable_quick_add":true}}},"block_order":["text_DL6ahb","title","price","sternify_user_trust_with_names_ycwW3q","sternify_benefit_usp_with_icons_fnKtk9","variant_picker","quantity_selector","sternify_inventory_8YgB6F","buy_buttons","sternify_payment_icons_NRUYUD","sternify_benefit_four_boxes_DU7W6y","description","rating_dNBYbN","complementary_U64EPg"],"settings":{"enable_sticky_info":true,"color_scheme":"scheme-2","media_size":"large","constrain_to_viewport":true,"media_fit":"contain","gallery_layout":"thumbnail_slider","media_position":"left","image_zoom":"none","mobile_thumbnails":"show","hide_variants":true,"enable_video_looping":false,"padding_top":36,"padding_bottom":12}},"multirow_KpaRTH":{"type":"multirow","blocks":{"row_NfPYgD":{"type":"row","settings":{"image":"shopify:\/\/shop_images\/BILDER_ANPASSEN.png","caption":"","heading":"Automatischer Lockenaufsatz","text":"<p>Biegt Locken mit nur einem Knopfdruck – sanft, schnell & gleichmäßig.<\/p>","button_label":"","button_link":""}},"row_wEfbqF":{"type":"row","settings":{"image":"shopify:\/\/shop_images\/BILDER_ANPASSEN-2.png","caption":"","heading":"Starker Luftstrom","text":"<p>Trocknet & stylt gleichzeitig – ohne Hitzeschäden.<\/p>","button_label":"","button_link":""}},"row_N94RW9":{"type":"row","settings":{"image":"shopify:\/\/shop_images\/BILDER_ANPASSEN-3.png","caption":"","heading":"Alles dabei","text":"<p>8 Profi-Aufsätze für deinen Wunsch-Look – ob glatt, voluminös oder lockig.<\/p>","button_label":"","button_link":""}},"row_CEPyd7":{"type":"row","settings":{"image":"shopify:\/\/shop_images\/12.png","caption":"","heading":"Kompakt & edel","text":"<p>Stylisch, leicht & perfekt für Reisen – dein All-in-One-Styler<\/p>","button_label":"","button_link":""}}},"block_order":["row_NfPYgD","row_wEfbqF","row_N94RW9","row_CEPyd7"],"disabled":true,"custom_css":[],"name":"t:sections.multirow.presets.name","settings":{"image_height":"adapt","desktop_image_width":"medium","heading_size":"h1","text_style":"body","button_style":"primary","desktop_content_position":"middle","desktop_content_alignment":"left","image_layout":"alternate-left","section_color_scheme":"scheme-1","row_color_scheme":"scheme-276e6b43-cc5e-4d34-9393-90b0b8dd3912","mobile_content_alignment":"center","padding_top":36,"padding_bottom":36}},"st_image_and_text_weBmKL":{"type":"st_image-and-text","blocks":{"vorteil_NCa6jP":{"type":"vorteil","settings":{"text":"<p> Sanftes Entwirren ohne Ziepen<\/p>"}},"vorteil_F7bbw6":{"type":"vorteil","settings":{"text":"<p> Pflegt Haar & Kopfhaut beim Bürsten<br\/><\/p>"}},"vorteil_4aXebz":{"type":"vorteil","settings":{"text":"<p>Für glattes oder voluminöses Haar<\/p>"}}},"block_order":["vorteil_NCa6jP","vorteil_F7bbw6","vorteil_4aXebz"],"custom_css":[],"name":"💫: Image and Text","settings":{"bild_position":"rechts","bild":"shopify:\/\/shop_images\/BILDER_ANPASSEN-16.png","image_border_radius":0,"show_zoomed_image":false,"titel":"Das Ergebnis spricht für sich","sub_titel":"LuxyBrush","text":"","margin_top":0,"margin_bottom":0,"maximal_width":130,"image_width":60,"image_max_height_mobile":600,"titel_color":"#000000","subtitel_color":"#444444","textblock_color":"#555555","box_hintergrund":"#faf4ef","box_text":"#000000","box_border_color":"rgba(0,0,0,0)","box_border_width":2,"border_color":"#ffffff","border_thickness":3,"subtitle_font":"poppins_n3","subtitle_fontsize":20,"title_font":"poppins_n6","title_fontsize":30,"text_font":"poppins_n4","text_fontsize":16,"benefits_font":"poppins_n4","benefits_fontsize":16}},"image_banner_cgNfGT":{"type":"image-banner","blocks":{"heading_74Xi7F":{"type":"heading","settings":{"heading":"LuxyStyler 8 in 1","heading_size":"h1"}},"text_WRiWkG":{"type":"text","settings":{"text":"Salon-Styling bei dir zu Hause","text_style":"subtitle"}},"buttons_QyLRcq":{"type":"buttons","settings":{"button_label_1":"Jetzt Styler ansehen","button_link_1":"shopify:\/\/products\/luxylab-airstyler-pro-9in1-multistyler","button_style_secondary_1":false,"button_label_2":"","button_link_2":"","button_style_secondary_2":true}}},"block_order":["heading_74Xi7F","text_WRiWkG","buttons_QyLRcq"],"name":"t:sections.image-banner.presets.name","settings":{"image":"shopify:\/\/shop_images\/PHOTO-2025-05-02-15-33-47.jpg","image_2":"shopify:\/\/shop_images\/Flux_Dev_A_black_and_white_studio_photo_of_a_beautiful_woman_w_0.jpg","image_overlay_opacity":0,"image_height":"adapt","desktop_content_position":"middle-center","show_text_box":false,"desktop_content_alignment":"center","color_scheme":"scheme-3","image_behavior":"zoom-in","mobile_content_alignment":"center","stack_images_on_mobile":true,"show_text_below":false}},"st_stats_benefits_WRfLRr":{"type":"st_stats-benefits","blocks":{"benefit_stat_g9dxpy":{"type":"benefit_stat","settings":{"number":93,"number_suffix":"%","number_prefix":"+","show_prefix":false,"number_color":"#2b2b2b","stat_title":"Styling deutlich schneller","title_color":"#000000","description":"*Laut interner Umfrage","description_color":"#666666","box_background_color":"#faf4ef"}},"benefit_stat_RJkBMH":{"type":"benefit_stat","settings":{"number":89,"number_suffix":"%","number_prefix":"+","show_prefix":false,"number_color":"#2b2b2b","stat_title":"Würden weiterempfehlen","title_color":"#000000","description":"*Nutzerfeedback nach 30 Tagen","description_color":"#666666","box_background_color":"#faf4ef"}},"benefit_stat_rJ6zVV":{"type":"benefit_stat","settings":{"number":91,"number_suffix":"%","number_prefix":"+","show_prefix":false,"number_color":"#2b2b2b","stat_title":"Glatteres & gesünderes Haar","title_color":"#000000","description":"*Vorher-Nachher-Vergleich","description_color":"#666666","box_background_color":"#faf4ef"}}},"block_order":["benefit_stat_g9dxpy","benefit_stat_RJkBMH","benefit_stat_rJ6zVV"],"custom_css":[],"name":"💫: Stats Benefits","settings":{"section_max_width":1400,"space_from_top":40,"space_from_bottom":40,"section_background":"#ffffff","title":"Zahlen, [die für sich sprechen]","title_alignment":"center","title_font":"helvetica_n7","title_size":36,"mobile_title_size":28,"title_line_height":1.2,"title_bottom_margin":20,"title_color":"#000000","highlight_color":"#c2956b","show_highlight_underline":true,"highlight_underline_color":"#e7c48a","columns_desktop":3,"mobile_layout":"stacked","grid_gap":30,"mobile_grid_gap":20,"grid_top_margin":0,"stat_box_border_radius":10,"stat_box_padding":30,"mobile_stat_box_padding":20,"number_font":"archivo_n5","number_size":60,"mobile_number_size":48,"number_bottom_margin":10,"stat_title_font":"helvetica_n7","stat_title_size":18,"mobile_stat_title_size":16,"stat_title_bottom_margin":10,"description_font":"helvetica_n4","description_size":14,"mobile_description_size":12,"enable_animation":true,"number_animation_duration":2500,"enable_hover_effect":true,"hover_lift":5,"hover_transition_speed":300}},"st_table_aAA8QN":{"type":"st_table","blocks":{"reihe_3cFffH":{"type":"Reihe","settings":{"reihe_text":" Leistungsstarke","compare_1":"check","compare_2":"check","compare_3":"cross"}},"reihe_93QD9r":{"type":"Reihe","settings":{"reihe_text":"8 in 1 Styling-Aufsätze","compare_1":"check","compare_2":"check","compare_3":"cross"}},"reihe_G3P8KR":{"type":"Reihe","settings":{"reihe_text":" Für alle Haartypen geeignet","compare_1":"check","compare_2":"check","compare_3":"cross"}},"reihe_iBpxXj":{"type":"Reihe","settings":{"reihe_text":" Top Preis-Leistungs-Verhältnis","compare_1":"check","compare_2":"cross","compare_3":"cross"}},"reihe_KrFkdi":{"type":"Reihe","settings":{"reihe_text":" Luxuriöses Design","compare_1":"check","compare_2":"check","compare_3":"cross"}}},"block_order":["reihe_3cFffH","reihe_93QD9r","reihe_G3P8KR","reihe_iBpxXj","reihe_KrFkdi"],"name":"💫: Table","settings":{"columns_number":"3","margin_top":10,"margin_bottom":10,"font_picker":"poppins_n4","header_text":"Warum LUXYSTYLER? ✨","header_size":42,"header_style":"italic","column_1_text":"Luxy Hairstyler","column_2_text":"Original Hairstyler","column_3_text":"Standard Hairstyler","highlighted_color":"#c2956b","highlighted_text_color":"#ffffff","highlighted_icon_color":"#ffffff","others_text_color":"#333333","others_icon_color":"#000000","benefit_color":"#000000","table_color":"#ffffff","border_color":"#e0e0e0","border_thickness":1,"border_radius":8}},"related-products":{"type":"related-products","settings":{"heading":"Es könnte dir gefallen","heading_size":"h2","products_to_show":4,"columns_desktop":4,"color_scheme":"scheme-276e6b43-cc5e-4d34-9393-90b0b8dd3912","image_ratio":"adapt","image_shape":"blob","show_secondary_image":true,"show_vendor":true,"show_rating":true,"columns_mobile":"2","padding_top":36,"padding_bottom":28}},"quick_order_list_ALbB88":{"type":"quick-order-list","disabled":true,"name":"t:sections.quick-order-list.presets.name","settings":{"show_image":false,"show_sku":false,"color_scheme":"","padding_top":36,"padding_bottom":36}},"17455307725ea1faa6":{"type":"apps","blocks":{"loox_reviews_loox_card_carousel_section_PAWxiT":{"type":"shopify:\/\/apps\/loox-reviews\/blocks\/loox-card-carousel-section\/5c3b337f-fd14-4df5-b1d6-80ec13e6e28e","disabled":true,"settings":{"maxWidth":1100,"borderRadius":8,"itemsPerView":4,"mobileItemsPerView":1,"maxNumberOfCharacters":100,"imageRatio":"0.72","reviewerNameColor":"#000000","textColor":"#000000","itemBackgroundColor":"#ffffff","starsColor":"","starsBackgroundColor":"#ffffff","arrows_backgroundColor":"#ffffff","arrows_iconColor":"#9a9a9a","shadow":"offset-dark","border_active":false,"border_width":2,"border_color":"#000000","productIds":""}},"loox_reviews_loox_referrals_section_QA8NJx":{"type":"shopify:\/\/apps\/loox-reviews\/blocks\/loox-referrals-section\/5c3b337f-fd14-4df5-b1d6-80ec13e6e28e","settings":{"max_width":1100,"layout":"with-photo","photo":"shopify:\/\/shop_images\/29._Apr._2025_17_41_45.png","primary_color":"","text_color":"#000000","text_field_border_color":"#c9cdd4","background":""}}},"block_order":["loox_reviews_loox_card_carousel_section_PAWxiT","loox_reviews_loox_referrals_section_QA8NJx"],"disabled":true,"settings":{"include_margins":true}},"st_testimonials_slider_3ki44M":{"type":"st_testimonials-slider","blocks":{"bewertung_cEjihT":{"type":"bewertung","settings":{"bewertung_text":"<p>Ich bin begeistert vom LuxyLab LuxyStyler! Die Qualität ist top und das Styling war noch nie so einfach. Lieferung war schnell & Kundenservice super freundlich – klare Empfehlung!“<\/p>","max_image_height":200,"image_position":"center","nutzer_profilbild":"shopify:\/\/shop_images\/proud-canadian-woman.jpg","nutzer_name":"Laura S.","datum":"vor 3 Tagen","anzahl_der_sterne":5,"verifizierte_bewertung":true}},"bewertung_w6eXyk":{"type":"bewertung","settings":{"bewertung_text":"<p>„Der AirStyler hat meine Morgenroutine komplett verändert. In wenigen Minuten habe ich glatte oder wellige Haare – je nach Stimmung. Super durchdacht und hochwertig!“<br\/><\/p>","max_image_height":200,"image_position":"center","nutzer_profilbild":"shopify:\/\/shop_images\/portrait-of-young-woman-spreading-her-arms.jpg","nutzer_name":"Melina W.","datum":"vor 2 Tagen","anzahl_der_sterne":5,"verifizierte_bewertung":true}},"bewertung_efCDXc":{"type":"bewertung","settings":{"bewertung_text":"<p>„Ich war erst skeptisch, aber der AirStyler hat mich echt überzeugt. Leicht zu bedienen, stylishes Design und das Ergebnis sieht aus wie vom Friseur!“<br\/><\/p>","max_image_height":200,"image_position":"center","nutzer_profilbild":"shopify:\/\/shop_images\/dressed-for-spring.jpg","nutzer_name":"Melek K.","datum":"vor 1 Woche","anzahl_der_sterne":5,"verifizierte_bewertung":true}},"bewertung_WzkegA":{"type":"bewertung","settings":{"bewertung_text":"<p>„Tolles Gerät – besonders die verschiedenen Aufsätze sind super praktisch. Ich habe feines Haar und trotzdem hält mein Styling den ganzen Tag!“<br\/><\/p>","max_image_height":200,"image_position":"center","nutzer_profilbild":"shopify:\/\/shop_images\/fashion-model-in-red-suit.jpg","nutzer_name":"Sophie H.","datum":"vor 5 Tagen","anzahl_der_sterne":5,"verifizierte_bewertung":true}},"bewertung_JhJbAW":{"type":"bewertung","settings":{"bewertung_text":"<p>„Mega Produkt! Versand ging schnell und die Verpackung war richtig schön. Man merkt, dass hier auf Qualität geachtet wird.“<br\/><\/p>","max_image_height":200,"image_position":"center","nutzer_profilbild":"shopify:\/\/shop_images\/woman-portrait-on-pink-brick.jpg","nutzer_name":"Jasmin L.","datum":"vor 4 Tagen","anzahl_der_sterne":5,"verifizierte_bewertung":true}}},"block_order":["bewertung_cEjihT","bewertung_w6eXyk","bewertung_efCDXc","bewertung_WzkegA","bewertung_JhJbAW"],"name":"💫: Testimonials Slider","settings":{"stil":"google","gradient_start_color":"#ffffff","section_backround_color":"#ffffff","own_logo":"shopify:\/\/shop_images\/Black_White_Minimal_Logo_1200_x_400_px.png","slider_autoplay":true,"margin_top":0,"margin_bottom":0,"box_padding_block":60,"titel_farbe":"#000000","subtitel_farbe":"#000000","box_hintergrund":"#ffffff","box_text":"#000000","star_color_header":"#fdd663","star_color_box":"#1b1b1b","review_color":"#000000","header":"Deine Zufriedenheit. Unsere Mission.","subheader":"Siehe was andere sagen","bewertung_text":"Sehr gut 4,8\/5","anzahl_der_bewertungen":5,"button_text":"Basierend auf 723 Bewertungen","button_link":"","verified_text":"Verifizierte Bewertung","header_font":"poppins_n7","subtitle_font":"poppins_n4","review_font":"poppins_n4","show_avatars":true}}},"order":["main","multirow_KpaRTH","st_image_and_text_weBmKL","image_banner_cgNfGT","st_stats_benefits_WRfLRr","st_table_aAA8QN","related-products","quick_order_list_ALbB88","17455307725ea1faa6","st_testimonials_slider_3ki44M"]}